theorem,category,assumption_or_definition,used_in_proof,source_binding,lean_foundation_dependencies,declared_but_proof_unused,deferred_deployment_status,notes
T0,mathematical definitions,"State; WellFormed; GrantWellFormed; BudgetOwnersWellFormed; ReachableFrom",YES,"State.lean; Reachability.lean",NONE,NONE,EXCLUDED,"Definitions are transparent Lean objects."
T0,frozen transition semantics,"Actual TrustedStep cases and their transition-specific Γ/B/lifecycle equations",YES,"Transitions.lean; trustedStep_preserves_wf",NONE,NONE,EXCLUDED,"No transition constructor carries WellFormed as a field."
T0,R0.2c assumptions genuinely used,"Initial state is structurally WellFormed",YES,"h0 : WellFormed s0",NONE,NONE,EXCLUDED,"This is the only non-transition theorem premise used."
T0,theorem-specific premises,"h0 : WellFormed s0; hr : ReachableFrom s0 s",YES,"T0_wellFormed",NONE,NONE,EXCLUDED,"Both premises are consumed by induction."
T0,deferred deployment assumptions,NONE,NO,NONE,NONE,NONE,EXCLUDED,"No dispatcher fidelity, cryptographic, persistence, liveness, or implementation assumptions enter T0."
T9,mathematical definitions,"LifecycleState; LifecycleEdge; LifecycleReach; LifecycleRecord.used",YES,"Base.lean",NONE,"h0 : WellFormed s0",EXCLUDED,"The statement retains h0 but the proof clears it."
T9,frozen transition semantics,"PrepareLifecycle; LifecycleUpdate; CommitStartLifecycle; Reconcile; ExpireReservation; lifecycleSame equations",YES,"Transitions.lean; trustedStep_lifecycle_one; trustedStep_used_one",NONE,"h0 : WellFormed s0",EXCLUDED,"All lifecycle movement is derived from actual transition updates."
T9,R0.2c assumptions genuinely used,"Actual in-epoch run is ReachableFrom over TrustedStep",YES,"hr : ReachableFrom s0 s",NONE,"h0 : WellFormed s0",EXCLUDED,"No extra monotonicity certificate is assumed."
T9,theorem-specific premises,"hr : ReachableFrom s0 s",YES,"T9_lifecycle",NONE,"h0 : WellFormed s0",EXCLUDED,"Only hr is proof-load-bearing."
T9,deferred deployment assumptions,NONE,NO,NONE,NONE,"h0 : WellFormed s0",EXCLUDED,"No timing service, storage durability, dispatcher, or external-effect assumption enters T9."
T1,mathematical definitions,"Constitution; GovernancePolicy; ConstitutionHolds; ReachableFrom",YES,"State.lean; Reachability.lean",NONE,"h0wf : WellFormed s0",EXCLUDED,"ConstitutionHolds is direct application of fixed constitution to current governance."
T1,frozen transition semantics,"Constitution/governance preservation equations; UpdatePolicy constitutionalGuard; E3 excluded from TrustedStep",YES,"Transitions.lean; trustedStep_constitution_one",NONE,"h0wf : WellFormed s0",EXCLUDED,"Positive E2+ uses the same UpdatePolicy constitutional guard."
T1,R0.2c assumptions genuinely used,"Initial governance satisfies initial constitution",YES,"h0 : ConstitutionHolds s0",NONE,"h0wf : WellFormed s0",EXCLUDED,"No additional constitutional assumption is imported."
T1,theorem-specific premises,"h0 : ConstitutionHolds s0; hr : ReachableFrom s0 s",YES,"T1_constitution",NONE,"h0wf : WellFormed s0",EXCLUDED,"The WellFormed statement premise is not used by the proof."
T1,deferred deployment assumptions,NONE,NO,NONE,NONE,"h0wf : WellFormed s0",EXCLUDED,"No policy-distribution, signing, deployment, or operator assumptions enter T1."
T2,mathematical definitions,"Permission; Permission.le; Ancestor; AncestorOrSelf; P_eff; EffectiveValid; EffectiveDelegable; EffectiveActive; EffectiveVersionFresh",YES,"Base.lean; State.lean",NONE,NONE,EXCLUDED,"All authority dimensions are transparent definitions over actual Γ ancestry."
T2,frozen transition semantics,"DelegateGamma immediate guards; RevokeGamma; ExpireGrant",YES,"Transitions.lean; supporting attenuation lemmas",NONE,NONE,EXCLUDED,"The main transitive theorem itself depends on ancestry definitions; revocation/expiry corollaries use actual transitions."
T2,R0.2c assumptions genuinely used,"The supplied p→c relation is actual Ancestor s p c",YES,"hpc : Ancestor s p c",NONE,NONE,EXCLUDED,"No bounded depth or maximum generation assumption."
T2,theorem-specific premises,"hpc : Ancestor s p c",YES,"T2_transitiveAuthorityAttenuation",NONE,NONE,EXCLUDED,"Single proof premise."
T2,deferred deployment assumptions,NONE,NO,NONE,NONE,NONE,EXCLUDED,"No identity-provider, authorization-service, clock implementation, or revocation-delivery assumption enters the theorem."
T4,mathematical definitions,"BudgetCell.total; GammaSupportExact; CanonicalRoot; LineageContribution; LineageMass; InitialProvision; ProvisionEvent; Provisioned; BudgetHistory",YES,"Base.lean; T4_BudgetConservation.lean","propext; Classical.choice; Quot.sound","h0wf : WellFormed s0",EXCLUDED,"#print axioms reports only Lean foundational/classical dependencies for T4_budgetConservation."
T4,frozen transition semantics,"ReserveBudget; SettleBudget; BurnOutstanding; ReconcileBudget; DelegateBudget; DestroyBudget; ProvisionBudget; actual Γ update relations; UpdatePolicy; ReprovisionTCB",YES,"Transitions.lean; transition-specific T4 lemmas","propext; Classical.choice; Quot.sound","h0wf : WellFormed s0",EXCLUDED,"No conservation certificate is a TrustedStep premise."
T4,R0.2c assumptions genuinely used,"InitialLedger at BudgetHistory.init; exact Γ support at each history node; predecessor PositiveProvisioningEvent for E2+; actual transition witnesses",YES,"BudgetHistory constructors and helper lemmas","propext; Classical.choice; Quot.sound","h0wf : WellFormed s0",EXCLUDED,"ProvisionJudge is predecessor-only. Exact support is proof infrastructure, not trusted state."
T4,theorem-specific premises,"h : BudgetHistory judge s0 ids0 alloc n s ids es",YES,"T4_budgetConservation","propext; Classical.choice; Quot.sound","h0wf : WellFormed s0",EXCLUDED,"The statement retains h0wf; the mass inequality derivation itself does not consume it. Structural WF remains available for the checked ancestry-correspondence lemma via T0 and budgetHistory_to_reachable."
T4,deferred deployment assumptions,NONE,NO,NONE,"T4_e3_successor_epoch_start additionally reports propext","h0wf : WellFormed s0",EXCLUDED,"No dispatcher fidelity, persistence, accounting backend, authorization-service, cryptographic, wall-clock, liveness, or resource-bound assumption is admitted into T4."
